max_review,title,tagline,rating,category_name
116,MyDeal.com.au,"Sell on MyDeal - Australia's Marketplace for the Home & Garden",5,"Places to sell"
178,"CARTROIDS â€‘ 3 IN 1 UPSELL APP","Increase AOV with smart upsells, cross-sell and bundle offers!",5,"Inventory management"
178,Posterly,"Custom Print-on-Demand Posters and Maps",5,"Finding and adding products"
184,"Age Verification Popup Master","Age Gating - 18+ age check popup. Let user certify their age.",5,"Trust and security"
223,"Epic Product Descriptions","Boost sales with unique, human-written descriptions",5,Productivity
290,"Abandoned Cart Messenger+Wheel","FB Chatbot & Spin Wheel Exit Popup. Recart+Wheelio Alternative",5,"Customer support"
594,AirPower,"Advanced, bi-directional sync with Airtable",5,Finances
594,"QuickBooks Daily Summary","Automatically post daily summaries to QuickBooks",5,Reporting
603,"Order Automator","Auto Tag Orders + Autofulfill FBA Orders + Email Notifications",5,"Orders and shipping"
1959,"Product Tabs â€‘ Easy Tabs","Tabs for your products. FAQ Page, Simple & Fast app for Tabs.",5,"Store design"
1959,"CARTROIDS â€‘ 3 IN 1 UPSELL APP","Increase AOV with smart upsells, cross-sell and bundle offers!",5,"Sales and conversion optimization"
1959,"Abandoned Cart Messenger+Wheel","FB Chatbot & Spin Wheel Exit Popup. Recart+Wheelio Alternative",5,Marketing
