app_name,review_count,category_name,price
AirPower,691,Finances,$35/month
"Json import",3184,"Finding and adding products",$48/month
"Location Based Fulfillment",3184,"Orders and shipping",$9.99/month
MyDeal.com.au,940,"Places to sell","Free to install"
"Ez Video Blog",23078,Marketing,$9.99/month
Crossâ€‘Promotion,8737,"Sales and conversion optimization",Free
ManySingles,23078,"Store design",$14/month
"Json import",3184,"Finding and adding products",$9/month
"Abandoned Cart Messenger+Wheel",3184,"Customer support",Free
"Age Verification Popup Master",5259,"Trust and security",Free
"CARTROIDS â€‘ 3 IN 1 UPSELL APP",1064,"Inventory management","Free to install"
"Epic Product Descriptions",1306,Productivity,"Free to install"
"Json import",3184,"Finding and adding products",$28/month
"Realâ€‘Time Shop Insights",2235,Reporting,Free
